{
    "overall_accuracy": 0.9849543571472168,
    "class_metrics": [
        {
            "Class": "Background",
            "Precision": 0.9889836849830372,
            "Recall": 0.9979841373005944,
            "Specificity": 0.8972061252215985,
            "F1-Score": 0.9934630262872545,
            "Accuracy": 0.9881491661067067,
            "Dice": 0.9934635262767418,
            "Jaccard": 0.9870119486101133
        },
        {
            "Class": "ET",
            "Precision": 0.9474746019203492,
            "Recall": 0.8515184873501574,
            "Specificity": 0.9996498069614919,
            "F1-Score": 0.8969369545367023,
            "Accuracy": 0.9985589981074341,
            "Dice": 0.8969374531103971,
            "Jaccard": 0.8131338115376494
        },
        {
            "Class": "NET",
            "Precision": 0.9684996653399901,
            "Recall": 0.8512915152012281,
            "Specificity": 0.9976902114249563,
            "F1-Score": 0.9061205520005675,
            "Accuracy": 0.9864177703852719,
            "Dice": 0.9061210499258232,
            "Jaccard": 0.8283558705146892
        },
        {
            "Class": "ED",
            "Precision": 0.8319367588985949,
            "Recall": 0.9483815153936853,
            "Specificity": 0.9974316351037265,
            "F1-Score": 0.8863505052256476,
            "Accuracy": 0.9967827796931283,
            "Dice": 0.8863510030844349,
            "Jaccard": 0.7958979943795293
        }
    ],
    "timestamp": "2026-04-10T09:32:20"
}